station,accessible
Acton,yes
Agincourt,yes
Ajax,yes
Aldershot,yes
Allandale Waterfront,yes
Appleby,yes
Aurora,yes
Barrie South,yes
Bloomington,yes
Bloor,yes
Bradford,yes
Bramalea,yes
Brampton Innovation District,yes
Bronte,yes
Burlington,yes
Centennial,yes
Clarkson,yes
Confederation,yes
Cooksville,yes
Danforth,yes
Dixie,yes
Downsview Park,yes
Durham College Oshawa,yes
East Gwillimbury,yes
Eglinton,yes
Erindale,yes
Etobicoke North,yes
Exhibition,yes
Georgetown,yes
Gormley,yes
Guelph Central,yes
Guildwood,yes
Hamilton,yes
Kennedy,yes
King City,yes
Kipling,yes
Kitchener,yes
Langstaff,yes
Lisgar,yes
Long Branch,no
Malton,yes
Maple,yes
Markham,yes
Meadowvale,yes
Milliken,yes
Milton,yes
Mimico,no
Mount Dennis,yes
Mount Joy,yes
Mount Pleasant,yes
Newmarket,yes
Niagara Falls,yes
Oakville,yes
Old Cummer,yes
Old Elm,yes
Oriole,no
Pearson Airport,yes
Pickering,yes
Port Credit,yes
Richmond Hill,yes
Rouge Hill,yes
Rutherford,yes
Scarborough,yes
St. Catharines,yes
Stouffville,yes
Stratford,yes
Streetsville,yes
Union,yes
Unionville,yes
West Harbour,yes
Weston,yes
Whitby,yes
