station_id,line_id,stop_id,direction
vaughan-metropolitan-centre,line-1,VMC_PLAT,Southbound
spadina,line-1,SPA_PLAT_L1_N,Northbound
spadina,line-1,SPA_PLAT_L1_S,Southbound
spadina,line-2,SPA_PLAT_L2_E,Eastbound
spadina,line-2,SPA_PLAT_L2_W,Westbound
st-george,line-1,SGW_PLAT_L1_N,Northbound
st-george,line-1,SGW_PLAT_L1_S,Southbound
st-george,line-2,SGW_PLAT_L2_E,Eastbound
st-george,line-2,SGW_PLAT_L2_W,Westbound
union,line-1,UNN_PLAT_N,Northbound
union,line-1,UNN_PLAT_S,Southbound
king,line-1,KNG_PLAT_N,Northbound
king,line-1,KNG_PLAT_S,Southbound
bloor-yonge,line-1,BY_PLAT_L1_N,Northbound
bloor-yonge,line-1,BY_PLAT_L1_S,Southbound
bloor-yonge,line-2,BY_PLAT_L2_E,Eastbound
bloor-yonge,line-2,BY_PLAT_L2_W,Westbound
eglinton,line-1,EGL_PLAT_N,Northbound
eglinton,line-1,EGL_PLAT_S,Southbound
eglinton,line-5,EGL_PLAT_L5_E,Eastbound
eglinton,line-5,EGL_PLAT_L5_W,Westbound
york-mills,line-1,YKM_PLAT_N,Northbound
york-mills,line-1,YKM_PLAT_S,Southbound
sheppard-yonge,line-1,SHP_PLAT_L1_N,Northbound
sheppard-yonge,line-1,SHP_PLAT_L1_S,Southbound
sheppard-yonge,line-4,SHP_PLAT_L4_E,Eastbound
sheppard-yonge,line-4,SHP_PLAT_L4_W,Westbound
north-york-centre,line-1,NYC_PLAT_N,Northbound
north-york-centre,line-1,NYC_PLAT_S,Southbound
finch,line-1,FNC_PLAT_S,Southbound
kipling,line-2,KIP_PLAT_E,Eastbound
sherbourne,line-2,SHR_PLAT_E,Eastbound
sherbourne,line-2,SHR_PLAT_W,Westbound
castle-frank,line-2,CSF_PLAT_E,Eastbound
castle-frank,line-2,CSF_PLAT_W,Westbound
kennedy,line-2,KEN_PLAT_L2_E,Eastbound
kennedy,line-2,KEN_PLAT_L2_W,Westbound
kennedy,line-5,KEN_PLAT_L5_E,Eastbound
kennedy,line-5,KEN_PLAT_L5_W,Westbound
don-mills,line-4,DNM_PLAT_E,Eastbound
don-mills,line-4,DNM_PLAT_W,Westbound
mount-dennis,line-5,MTD_PLAT_E,Eastbound
mount-dennis,line-5,MTD_PLAT_W,Westbound
humber-college,line-6,HMC_PLAT_E,Eastbound
humber-college,line-6,HMC_PLAT_W,Westbound
finch-west,line-6,FNW_PLAT_E,Eastbound
finch-west,line-6,FNW_PLAT_W,Westbound
